{
  "resourceType" : "CodeSystem",
  "id" : "23d93681-48af-4776-b256-34dbd8b4d5fb-45",
  "url" : "http://hl7.org/fhir/comparison/CodeSystem/23d93681-48af-4776-b256-34dbd8b4d5fb-45",
  "name" : "IntersectionCSRazonNOinmunizacionCLAndCSRazonNOinmunizacionCL",
  "title" : "Intersection of Razones no Inmunización And Razones no Inmunización",
  "status" : "active",
  "date" : "2023-11-09T12:29:55-03:00",
  "jurisdiction" : [{
    "coding" : [{
      "system" : "urn:iso:std:iso:3166",
      "code" : "CL",
      "display" : "Chile"
    }]
  }],
  "concept" : [{
    "code" : "solicitudPaci",
    "display" : "Solicitud del paciente"
  },
  {
    "code" : "otras",
    "display" : "Otras"
  },
  {
    "code" : "contraindicación",
    "display" : "Contraindicación"
  },
  {
    "code" : "solicitudPad",
    "display" : "Solicitud de los Padres"
  }]
}