{
  "resourceType" : "CodeSystem",
  "id" : "10be3b6b-d5b4-4ce1-bcdb-b82e06875593-36",
  "url" : "http://hl7.org/fhir/comparison/CodeSystem/10be3b6b-d5b4-4ce1-bcdb-b82e06875593-36",
  "name" : "IntersectionCSIdentificadoresAndCSIdentificadores",
  "title" : "Intersection of Identificadores And Identificadores",
  "status" : "active",
  "date" : "2023-11-13T14:29:00-03:00",
  "jurisdiction" : [{
    "coding" : [{
      "system" : "urn:iso:std:iso:3166",
      "code" : "CL",
      "display" : "Chile"
    }]
  }],
  "concept" : [{
    "code" : "1",
    "display" : "RUN",
    "definition" : "Registro Unico Nacional"
  },
  {
    "code" : "2",
    "display" : "RNPI",
    "definition" : "Registro Nacional de Prestadores Individuales"
  },
  {
    "code" : "3",
    "display" : "PPN",
    "definition" : "Pasaporte"
  },
  {
    "code" : "4",
    "display" : "OTRO",
    "definition" : "Otro tipo de identificador"
  }]
}