{
  "resourceType" : "CodeSystem",
  "id" : "9534210a-8f66-4501-a619-96d40292df05-53",
  "url" : "http://hl7.org/fhir/comparison/CodeSystem/9534210a-8f66-4501-a619-96d40292df05-53",
  "name" : "UnionCSTiposEncuentroCLAndCSTiposEncuentroCL",
  "title" : "Union of Tipos de Encuentro And Tipos de Encuentro",
  "status" : "active",
  "date" : "2023-11-14T10:50:10-03:00",
  "jurisdiction" : [{
    "coding" : [{
      "system" : "urn:iso:std:iso:3166",
      "code" : "CL",
      "display" : "Chile"
    }]
  }],
  "concept" : [{
    "code" : "PR",
    "display" : "Programada"
  },
  {
    "code" : "SP",
    "display" : "Espontánea"
  },
  {
    "code" : "CO",
    "display" : "Comité"
  }]
}