{
  "resourceType" : "CodeSystem",
  "id" : "9534210a-8f66-4501-a619-96d40292df05-42",
  "url" : "http://hl7.org/fhir/comparison/CodeSystem/9534210a-8f66-4501-a619-96d40292df05-42",
  "name" : "IntersectionCSRazonNOencuentroCLAndCSRazonNOencuentroCL",
  "title" : "Intersection of Razones Cancelación Atención Remota And Razones Cancelación Atención Remota",
  "status" : "active",
  "date" : "2023-11-14T10:50:10-03:00",
  "jurisdiction" : [{
    "coding" : [{
      "system" : "urn:iso:std:iso:3166",
      "code" : "CL",
      "display" : "Chile"
    }]
  }],
  "concept" : [{
    "code" : "pierdeLlam",
    "display" : "El participante pierde la llamada"
  },
  {
    "code" : "finaLlam",
    "display" : "El participante finalizó la llamada abruptamente"
  },
  {
    "code" : "problConex",
    "display" : "El participante tuvo problemas de conexión a internet"
  },
  {
    "code" : "medproblConex",
    "display" : "Tuve problemas de conexión a internet"
  },
  {
    "code" : "otros",
    "display" : "Otros / texto libre"
  }]
}