{
  "resourceType" : "CodeSystem",
  "id" : "10be3b6b-d5b4-4ce1-bcdb-b82e06875593-54",
  "url" : "http://hl7.org/fhir/comparison/CodeSystem/10be3b6b-d5b4-4ce1-bcdb-b82e06875593-54",
  "name" : "IntersectionCSTiposEncuentroCLAndCSTiposEncuentroCL",
  "title" : "Intersection of Tipos de Encuentro And Tipos de Encuentro",
  "status" : "active",
  "date" : "2023-11-13T14:29:00-03:00",
  "jurisdiction" : [{
    "coding" : [{
      "system" : "urn:iso:std:iso:3166",
      "code" : "CL",
      "display" : "Chile"
    }]
  }],
  "concept" : [{
    "code" : "PR",
    "display" : "Programada"
  },
  {
    "code" : "SP",
    "display" : "Espontánea"
  },
  {
    "code" : "CO",
    "display" : "Comité"
  }]
}