{
  "resourceType" : "CodeSystem",
  "id" : "9534210a-8f66-4501-a619-96d40292df05-59",
  "url" : "http://hl7.org/fhir/comparison/CodeSystem/9534210a-8f66-4501-a619-96d40292df05-59",
  "name" : "UnionCSrazonnoencuentroAndCSrazonnoencuentro",
  "title" : "Union of Razón Encuentro Remoto no Realizado And Razón Encuentro Remoto no Realizado",
  "status" : "active",
  "date" : "2023-11-14T10:50:10-03:00",
  "jurisdiction" : [{
    "coding" : [{
      "system" : "urn:iso:std:iso:3166",
      "code" : "CL",
      "display" : "Chile"
    }]
  }],
  "concept" : [{
    "code" : "pierdellam",
    "display" : "Participante pierde llamada",
    "definition" : "Indica la pérdida de una llamada con el paciete"
  },
  {
    "code" : "finallam",
    "display" : "El participante finalizó la llamada abruptamente",
    "definition" : "Indica la finalización de una llamada de forma abrupta"
  },
  {
    "code" : "problcon",
    "display" : "El participante tuvo problemas de conexión a internet",
    "definition" : "Indica que existieron problemas de conexión a internet para conectarse con el médico"
  },
  {
    "code" : "medicoproblcon",
    "display" : "Tuve problemas de conexión a internet",
    "definition" : "Indica problemas de conexión a internet que tuvo el médico"
  },
  {
    "code" : "otros",
    "display" : "Otros, texto libre",
    "definition" : "Cualquier otro motivo"
  }]
}