{
  "resourceType" : "CodeSystem",
  "id" : "10be3b6b-d5b4-4ce1-bcdb-b82e06875593-29",
  "url" : "http://hl7.org/fhir/comparison/CodeSystem/10be3b6b-d5b4-4ce1-bcdb-b82e06875593-29",
  "name" : "UnionCSEspecialidadesDeisCLAndCSEspecialidadesDeisCL",
  "title" : "Union of Códigos de Especialidades And Códigos de Especialidades",
  "status" : "active",
  "date" : "2023-11-13T14:29:00-03:00",
  "jurisdiction" : [{
    "coding" : [{
      "system" : "urn:iso:std:iso:3166",
      "code" : "CL",
      "display" : "Chile"
    }]
  }],
  "concept" : [{
    "code" : "01",
    "display" : "Anatomía Patológica"
  },
  {
    "code" : "02",
    "display" : "Anestesiología"
  },
  {
    "code" : "03",
    "display" : "Cardiología"
  },
  {
    "code" : "04",
    "display" : "Cirugía General"
  },
  {
    "code" : "05",
    "display" : "Cirugía de Cabeza, Cuello y Maxilofacial"
  },
  {
    "code" : "06",
    "display" : "Cirugía Cardiovascular"
  },
  {
    "code" : "07",
    "display" : "Cirugía  de Tórax"
  },
  {
    "code" : "08",
    "display" : "Cirugía Plástica y Reparadora"
  },
  {
    "code" : "09",
    "display" : "Cirugía Pediátrica"
  },
  {
    "code" : "10",
    "display" : "Cirugía Vascular Periférica"
  },
  {
    "code" : "11",
    "display" : "Coloproctología"
  },
  {
    "code" : "12",
    "display" : "Dermatología"
  },
  {
    "code" : "13",
    "display" : "Diabetología"
  },
  {
    "code" : "14",
    "display" : "Endocrinología Adulto"
  },
  {
    "code" : "15",
    "display" : "Endocrinología Pediatrica"
  },
  {
    "code" : "16",
    "display" : "Enfermedades Respiratorias del Adulto (Broncopulmonar)"
  },
  {
    "code" : "17",
    "display" : "Enfermedades Respiratorias Pediátricas(Broncopulmonar Pediátrico)"
  },
  {
    "code" : "18",
    "display" : "Gastroenterología Adulto"
  },
  {
    "code" : "19",
    "display" : "Gastroenterología Pediátrica"
  },
  {
    "code" : "20",
    "display" : "Genética Clínica"
  },
  {
    "code" : "21",
    "display" : "Geriatría"
  },
  {
    "code" : "22",
    "display" : "Ginecología Pediátrica y de la Adolescencia"
  },
  {
    "code" : "23",
    "display" : "Hematología"
  },
  {
    "code" : "24",
    "display" : "Imagenología"
  },
  {
    "code" : "25",
    "display" : "Infectología"
  },
  {
    "code" : "26",
    "display" : "Inmunología"
  },
  {
    "code" : "27",
    "display" : "Laboratorio Clínico"
  },
  {
    "code" : "28",
    "display" : "Medicina Familiar"
  },
  {
    "code" : "29",
    "display" : "Medicina Física y Rehabilitación (Fisiatria Adulto)"
  },
  {
    "code" : "30",
    "display" : "Medicina Interna"
  },
  {
    "code" : "31",
    "display" : "Medicina Intensiva Adulto"
  },
  {
    "code" : "32",
    "display" : "Medicina Intensiva Pediátrica"
  },
  {
    "code" : "33",
    "display" : "Medicina Legal"
  },
  {
    "code" : "34",
    "display" : "Medicina Materno Infantil"
  },
  {
    "code" : "35",
    "display" : "Medicina Nuclear"
  },
  {
    "code" : "36",
    "display" : "Medicina de Urgencia"
  },
  {
    "code" : "37",
    "display" : "Nefrología Adulto"
  },
  {
    "code" : "38",
    "display" : "Nefrología Pediátrico"
  },
  {
    "code" : "39",
    "display" : "Neonatología"
  },
  {
    "code" : "40",
    "display" : "Neurocirugía"
  },
  {
    "code" : "41",
    "display" : "Neurología Adulto"
  },
  {
    "code" : "42",
    "display" : "Neurología Pediátrica"
  },
  {
    "code" : "43",
    "display" : "Obstetricia y Ginecología"
  },
  {
    "code" : "44",
    "display" : "Oftalmología"
  },
  {
    "code" : "45",
    "display" : "Oncología Médica"
  },
  {
    "code" : "46",
    "display" : "Otorrinolaringología"
  },
  {
    "code" : "47",
    "display" : "Pediatría"
  },
  {
    "code" : "48",
    "display" : "Psiquiatría Adulto"
  },
  {
    "code" : "49",
    "display" : "Psiquiatría Pediátrica y de la Adolescencia"
  },
  {
    "code" : "50",
    "display" : "Radioterapia Oncológica"
  },
  {
    "code" : "51",
    "display" : "Reumatología"
  },
  {
    "code" : "52",
    "display" : "Salud Pública"
  },
  {
    "code" : "53",
    "display" : "Traumatología y Ortopedia"
  },
  {
    "code" : "54",
    "display" : "Urología"
  },
  {
    "code" : "55",
    "display" : "Cardiología Pediátrica"
  },
  {
    "code" : "56",
    "display" : "Cirugía Digestiva"
  },
  {
    "code" : "57",
    "display" : "Cirugía Plástica y Reparadora Pediátrica"
  },
  {
    "code" : "58",
    "display" : "Ginecología"
  },
  {
    "code" : "59",
    "display" : "Hemato-Oncología Pediátrica"
  },
  {
    "code" : "60",
    "display" : "Infectología Pediátrica"
  },
  {
    "code" : "61",
    "display" : "Medicina Familiar del Niño"
  },
  {
    "code" : "62",
    "display" : "Medicina Física y Rehabilitación Pediátrica (Fisiatría Pediátrica)"
  },
  {
    "code" : "63",
    "display" : "Nutriólogo"
  },
  {
    "code" : "64",
    "display" : "Nutriólogo Pediátrico"
  },
  {
    "code" : "65",
    "display" : "Reumatología Pediátrica"
  },
  {
    "code" : "66",
    "display" : "Obstetricia"
  },
  {
    "code" : "67",
    "display" : "Traumatología y Ortopedia Pediátrica"
  },
  {
    "code" : "68",
    "display" : "Urología Pediátrica"
  }]
}