{
  "resourceType" : "CodeSystem",
  "id" : "23d93681-48af-4776-b256-34dbd8b4d5fb-41",
  "url" : "http://hl7.org/fhir/comparison/CodeSystem/23d93681-48af-4776-b256-34dbd8b4d5fb-41",
  "name" : "UnionCSRazonNOencuentroCLAndCSRazonNOencuentroCL",
  "title" : "Union of Razones Cancelación Atención Remota And Razones Cancelación Atención Remota",
  "status" : "active",
  "date" : "2023-11-09T12:29:55-03:00",
  "jurisdiction" : [{
    "coding" : [{
      "system" : "urn:iso:std:iso:3166",
      "code" : "CL",
      "display" : "Chile"
    }]
  }],
  "concept" : [{
    "code" : "pierdeLlam",
    "display" : "El participante pierde la llamada"
  },
  {
    "code" : "finaLlam",
    "display" : "El participante finalizó la llamada abruptamente"
  },
  {
    "code" : "problConex",
    "display" : "El participante tuvo problemas de conexión a internet"
  },
  {
    "code" : "medproblConex",
    "display" : "Tuve problemas de conexión a internet"
  },
  {
    "code" : "otros",
    "display" : "Otros / texto libre"
  }]
}