{
  "resourceType" : "ValueSet",
  "id" : "9534210a-8f66-4501-a619-96d40292df05-234",
  "url" : "http://hl7.org/fhir/comparison/ValueSet/9534210a-8f66-4501-a619-96d40292df05-234",
  "name" : "IntersectionVSTiposVacunasCLAndVSTiposVacunasCL",
  "title" : "Intersection of Tipos de Vacunas RNI And Tipos de Vacunas RNI",
  "status" : "active",
  "date" : "2023-11-14T10:50:10-03:00",
  "jurisdiction" : [{
    "coding" : [{
      "system" : "urn:iso:std:iso:3166",
      "code" : "CL",
      "display" : "Chile"
    }]
  }]
}