{
  "resourceType" : "ValueSet",
  "id" : "10be3b6b-d5b4-4ce1-bcdb-b82e06875593-186",
  "url" : "http://hl7.org/fhir/comparison/ValueSet/10be3b6b-d5b4-4ce1-bcdb-b82e06875593-186",
  "name" : "IntersectionVSCodigosServiciosSaludCLAndVSCodigosServiciosSaludCL",
  "title" : "Intersection of Servicos de Salud en Chile And Servicos de Salud en Chile",
  "status" : "active",
  "date" : "2023-11-13T14:29:00-03:00",
  "jurisdiction" : [{
    "coding" : [{
      "system" : "urn:iso:std:iso:3166",
      "code" : "CL",
      "display" : "Chile"
    }]
  }]
}