{
  "resourceType" : "ValueSet",
  "id" : "23d93681-48af-4776-b256-34dbd8b4d5fb-200",
  "url" : "http://hl7.org/fhir/comparison/ValueSet/23d93681-48af-4776-b256-34dbd8b4d5fb-200",
  "name" : "UnionVSIdentidaddeGeneroAndVSIdentidaddeGenero",
  "title" : "Union of Identidad de Genero And Identidad de Genero",
  "status" : "active",
  "date" : "2023-11-09T12:29:55-03:00",
  "jurisdiction" : [{
    "coding" : [{
      "system" : "urn:iso:std:iso:3166",
      "code" : "CL",
      "display" : "Chile"
    }]
  }]
}