{
  "resourceType" : "ValueSet",
  "id" : "5abb9851-3b0b-4266-a6d9-0019c44f6583-176",
  "url" : "http://hl7.org/fhir/comparison/ValueSet/5abb9851-3b0b-4266-a6d9-0019c44f6583-176",
  "name" : "UnionVSRazonNOencuentroAndVSRazonNOencuentro",
  "title" : "Union of Razones no Atención Remota And Razones no Atención Remota",
  "status" : "active",
  "date" : "2023-06-27T22:42:36-04:00",
  "jurisdiction" : [{
    "coding" : [{
      "system" : "urn:iso:std:iso:3166",
      "code" : "CL",
      "display" : "Chile"
    }]
  }],
  "expansion" : {
    "contains" : [{
      "system" : "https://hl7chile.cl/fhir/ig/clcore/CodeSystem/csrazonnoencuentro",
      "code" : "pierdellam",
      "display" : "Participante pierde llamada"
    },
    {
      "system" : "https://hl7chile.cl/fhir/ig/clcore/CodeSystem/csrazonnoencuentro",
      "code" : "finallam",
      "display" : "El participante finalizó la llamada abruptamente"
    },
    {
      "system" : "https://hl7chile.cl/fhir/ig/clcore/CodeSystem/csrazonnoencuentro",
      "code" : "problcon",
      "display" : "El participante tuvo problemas de conexión a internet"
    },
    {
      "system" : "https://hl7chile.cl/fhir/ig/clcore/CodeSystem/csrazonnoencuentro",
      "code" : "medicoproblcon",
      "display" : "Tuve problemas de conexión a internet"
    },
    {
      "system" : "https://hl7chile.cl/fhir/ig/clcore/CodeSystem/csrazonnoencuentro",
      "code" : "otros",
      "display" : "Otros, texto libre"
    }]
  }
}