{"resourceType":"ValueSet","id":"VSIdentidaddeGenero","text":{"status":"generated","div":"<div xmlns=\"http://www.w3.org/1999/xhtml\"><ul><li>Include all codes defined in <a href=\"CodeSystem-CSIdentidaddeGenero.html\"><code>https://hl7chile.cl/fhir/ig/clcore/CodeSystem/CSIdentidaddeGenero</code></a></li></ul></div>"},"url":"https://hl7chile.cl/fhir/ig/clcore/ValueSet/VSIdentidaddeGenero","version":"1.8.5","name":"VSIdentidaddeGenero","title":"Identidad de Genero","status":"active","experimental":false,"date":"2023-01-15","publisher":"HL7 Chile","contact":[{"name":"HL7 Chile","telecom":[{"system":"url","value":"http://hl7chile.cl"},{"system":"email","value":"chair@hl7chile.cl"}]}],"description":"Identidad de Genero","jurisdiction":[{"coding":[{"system":"urn:iso:std:iso:3166","code":"CL","display":"Chile"}]}],"copyright":"Usado con el permiso de HL7 International, todos los derechos resevados en los Licencias de HL7 Internacional.","compose":{"include":[{"system":"https://hl7chile.cl/fhir/ig/clcore/CodeSystem/CSIdentidaddeGenero"}]}}