<?xml version="1.0" encoding="UTF-8"?><CodeSystem xmlns="http://hl7.org/fhir"><id value="CSEspecialidadesDeisCL"/><text><status value="generated"/><div xmlns="http://www.w3.org/1999/xhtml"><p>This case-sensitive code system <code>https://hl7chile.cl/fhir/ig/clcore/CodeSystem/CSEspecialidadesDeisCL</code> defines the following codes:</p><table class="codes"><tr><td style="white-space:nowrap"><b>Code</b></td><td><b>Display</b></td></tr><tr><td style="white-space:nowrap">01<a name="CSEspecialidadesDeisCL-01"> </a></td><td>Anatomía Patológica</td></tr><tr><td style="white-space:nowrap">02<a name="CSEspecialidadesDeisCL-02"> </a></td><td>Anestesiología</td></tr><tr><td style="white-space:nowrap">03<a name="CSEspecialidadesDeisCL-03"> </a></td><td>Cardiología</td></tr><tr><td style="white-space:nowrap">04<a name="CSEspecialidadesDeisCL-04"> </a></td><td>Cirugía General</td></tr><tr><td style="white-space:nowrap">05<a name="CSEspecialidadesDeisCL-05"> </a></td><td>Cirugía de Cabeza, Cuello y Maxilofacial</td></tr><tr><td style="white-space:nowrap">06<a name="CSEspecialidadesDeisCL-06"> </a></td><td>Cirugía Cardiovascular</td></tr><tr><td style="white-space:nowrap">07<a name="CSEspecialidadesDeisCL-07"> </a></td><td>Cirugía  de Tórax</td></tr><tr><td style="white-space:nowrap">08<a name="CSEspecialidadesDeisCL-08"> </a></td><td>Cirugía Plástica y Reparadora</td></tr><tr><td style="white-space:nowrap">09<a name="CSEspecialidadesDeisCL-09"> </a></td><td>Cirugía Pediátrica</td></tr><tr><td style="white-space:nowrap">10<a name="CSEspecialidadesDeisCL-10"> </a></td><td>Cirugía Vascular Periférica</td></tr><tr><td style="white-space:nowrap">11<a name="CSEspecialidadesDeisCL-11"> </a></td><td>Coloproctología</td></tr><tr><td style="white-space:nowrap">12<a name="CSEspecialidadesDeisCL-12"> </a></td><td>Dermatología</td></tr><tr><td style="white-space:nowrap">13<a name="CSEspecialidadesDeisCL-13"> </a></td><td>Diabetología</td></tr><tr><td style="white-space:nowrap">14<a name="CSEspecialidadesDeisCL-14"> </a></td><td>Endocrinología Adulto</td></tr><tr><td style="white-space:nowrap">15<a name="CSEspecialidadesDeisCL-15"> </a></td><td>Endocrinología Pediatrica</td></tr><tr><td style="white-space:nowrap">16<a name="CSEspecialidadesDeisCL-16"> </a></td><td>Enfermedades Respiratorias del Adulto (Broncopulmonar)</td></tr><tr><td style="white-space:nowrap">17<a name="CSEspecialidadesDeisCL-17"> </a></td><td>Enfermedades Respiratorias Pediátricas(Broncopulmonar Pediátrico)</td></tr><tr><td style="white-space:nowrap">18<a name="CSEspecialidadesDeisCL-18"> </a></td><td>Gastroenterología Adulto</td></tr><tr><td style="white-space:nowrap">19<a name="CSEspecialidadesDeisCL-19"> </a></td><td>Gastroenterología Pediátrica</td></tr><tr><td style="white-space:nowrap">20<a name="CSEspecialidadesDeisCL-20"> </a></td><td>Genética Clínica</td></tr><tr><td style="white-space:nowrap">21<a name="CSEspecialidadesDeisCL-21"> </a></td><td>Geriatría</td></tr><tr><td style="white-space:nowrap">22<a name="CSEspecialidadesDeisCL-22"> </a></td><td>Ginecología Pediátrica y de la Adolescencia</td></tr><tr><td style="white-space:nowrap">23<a name="CSEspecialidadesDeisCL-23"> </a></td><td>Hematología</td></tr><tr><td style="white-space:nowrap">24<a name="CSEspecialidadesDeisCL-24"> </a></td><td>Imagenología</td></tr><tr><td style="white-space:nowrap">25<a name="CSEspecialidadesDeisCL-25"> </a></td><td>Infectología</td></tr><tr><td style="white-space:nowrap">26<a name="CSEspecialidadesDeisCL-26"> </a></td><td>Inmunología</td></tr><tr><td style="white-space:nowrap">27<a name="CSEspecialidadesDeisCL-27"> </a></td><td>Laboratorio Clínico</td></tr><tr><td style="white-space:nowrap">28<a name="CSEspecialidadesDeisCL-28"> </a></td><td>Medicina Familiar</td></tr><tr><td style="white-space:nowrap">29<a name="CSEspecialidadesDeisCL-29"> </a></td><td>Medicina Física y Rehabilitación (Fisiatria Adulto)</td></tr><tr><td style="white-space:nowrap">30<a name="CSEspecialidadesDeisCL-30"> </a></td><td>Medicina Interna</td></tr><tr><td style="white-space:nowrap">31<a name="CSEspecialidadesDeisCL-31"> </a></td><td>Medicina Intensiva Adulto</td></tr><tr><td style="white-space:nowrap">32<a name="CSEspecialidadesDeisCL-32"> </a></td><td>Medicina Intensiva Pediátrica</td></tr><tr><td style="white-space:nowrap">33<a name="CSEspecialidadesDeisCL-33"> </a></td><td>Medicina Legal</td></tr><tr><td style="white-space:nowrap">34<a name="CSEspecialidadesDeisCL-34"> </a></td><td>Medicina Materno Infantil</td></tr><tr><td style="white-space:nowrap">35<a name="CSEspecialidadesDeisCL-35"> </a></td><td>Medicina Nuclear</td></tr><tr><td style="white-space:nowrap">36<a name="CSEspecialidadesDeisCL-36"> </a></td><td>Medicina de Urgencia</td></tr><tr><td style="white-space:nowrap">37<a name="CSEspecialidadesDeisCL-37"> </a></td><td>Nefrología Adulto</td></tr><tr><td style="white-space:nowrap">38<a name="CSEspecialidadesDeisCL-38"> </a></td><td>Nefrología Pediátrico</td></tr><tr><td style="white-space:nowrap">39<a name="CSEspecialidadesDeisCL-39"> </a></td><td>Neonatología</td></tr><tr><td style="white-space:nowrap">40<a name="CSEspecialidadesDeisCL-40"> </a></td><td>Neurocirugía</td></tr><tr><td style="white-space:nowrap">41<a name="CSEspecialidadesDeisCL-41"> </a></td><td>Neurología Adulto</td></tr><tr><td style="white-space:nowrap">42<a name="CSEspecialidadesDeisCL-42"> </a></td><td>Neurología Pediátrica</td></tr><tr><td style="white-space:nowrap">43<a name="CSEspecialidadesDeisCL-43"> </a></td><td>Obstetricia y Ginecología</td></tr><tr><td style="white-space:nowrap">44<a name="CSEspecialidadesDeisCL-44"> </a></td><td>Oftalmología</td></tr><tr><td style="white-space:nowrap">45<a name="CSEspecialidadesDeisCL-45"> </a></td><td>Oncología Médica</td></tr><tr><td style="white-space:nowrap">46<a name="CSEspecialidadesDeisCL-46"> </a></td><td>Otorrinolaringología</td></tr><tr><td style="white-space:nowrap">47<a name="CSEspecialidadesDeisCL-47"> </a></td><td>Pediatría</td></tr><tr><td style="white-space:nowrap">48<a name="CSEspecialidadesDeisCL-48"> </a></td><td>Psiquiatría Adulto</td></tr><tr><td style="white-space:nowrap">49<a name="CSEspecialidadesDeisCL-49"> </a></td><td>Psiquiatría Pediátrica y de la Adolescencia</td></tr><tr><td style="white-space:nowrap">50<a name="CSEspecialidadesDeisCL-50"> </a></td><td>Radioterapia Oncológica</td></tr><tr><td style="white-space:nowrap">51<a name="CSEspecialidadesDeisCL-51"> </a></td><td>Reumatología</td></tr><tr><td style="white-space:nowrap">52<a name="CSEspecialidadesDeisCL-52"> </a></td><td>Salud Pública</td></tr><tr><td style="white-space:nowrap">53<a name="CSEspecialidadesDeisCL-53"> </a></td><td>Traumatología y Ortopedia</td></tr><tr><td style="white-space:nowrap">54<a name="CSEspecialidadesDeisCL-54"> </a></td><td>Urología</td></tr><tr><td style="white-space:nowrap">55<a name="CSEspecialidadesDeisCL-55"> </a></td><td>Cardiología Pediátrica</td></tr><tr><td style="white-space:nowrap">56<a name="CSEspecialidadesDeisCL-56"> </a></td><td>Cirugía Digestiva</td></tr><tr><td style="white-space:nowrap">57<a name="CSEspecialidadesDeisCL-57"> </a></td><td>Cirugía Plástica y Reparadora Pediátrica</td></tr><tr><td style="white-space:nowrap">58<a name="CSEspecialidadesDeisCL-58"> </a></td><td>Ginecología</td></tr><tr><td style="white-space:nowrap">59<a name="CSEspecialidadesDeisCL-59"> </a></td><td>Hemato-Oncología Pediátrica</td></tr><tr><td style="white-space:nowrap">60<a name="CSEspecialidadesDeisCL-60"> </a></td><td>Infectología Pediátrica</td></tr><tr><td style="white-space:nowrap">61<a name="CSEspecialidadesDeisCL-61"> </a></td><td>Medicina Familiar del Niño</td></tr><tr><td style="white-space:nowrap">62<a name="CSEspecialidadesDeisCL-62"> </a></td><td>Medicina Física y Rehabilitación Pediátrica (Fisiatría Pediátrica)</td></tr><tr><td style="white-space:nowrap">63<a name="CSEspecialidadesDeisCL-63"> </a></td><td>Nutriólogo</td></tr><tr><td style="white-space:nowrap">64<a name="CSEspecialidadesDeisCL-64"> </a></td><td>Nutriólogo Pediátrico</td></tr><tr><td style="white-space:nowrap">65<a name="CSEspecialidadesDeisCL-65"> </a></td><td>Reumatología Pediátrica</td></tr><tr><td style="white-space:nowrap">66<a name="CSEspecialidadesDeisCL-66"> </a></td><td>Obstetricia</td></tr><tr><td style="white-space:nowrap">67<a name="CSEspecialidadesDeisCL-67"> </a></td><td>Traumatología y Ortopedia Pediátrica</td></tr><tr><td style="white-space:nowrap">68<a name="CSEspecialidadesDeisCL-68"> </a></td><td>Urología Pediátrica</td></tr></table></div></text><url value="https://hl7chile.cl/fhir/ig/clcore/CodeSystem/CSEspecialidadesDeisCL"/><version value="1.8.2"/><name value="CSEspecialidadesDeisCL"/><title value="Códigos de Especialidades"/><status value="active"/><experimental value="false"/><date value="2022-01-18T00:00:00-03:00"/><publisher value="HL7 Chile"/><contact><name value="HL7 Chile"/><telecom><system value="url"/><value value="http://hl7chile.cl"/></telecom><telecom><system value="email"/><value value="chair@hl7chile.cl"/></telecom></contact><description value="Códigos de especialidades médicas descritas según DEIS"/><jurisdiction><coding><system value="urn:iso:std:iso:3166"/><code value="CL"/><display value="Chile"/></coding></jurisdiction><copyright value="Usado con el permiso de HL7 International, todos los derechos resevados en los Licencias de HL7 Internacional."/><caseSensitive value="true"/><content value="complete"/><count value="68"/><concept><code value="01"/><display value="Anatomía Patológica"/></concept><concept><code value="02"/><display value="Anestesiología"/></concept><concept><code value="03"/><display value="Cardiología"/></concept><concept><code value="04"/><display value="Cirugía General"/></concept><concept><code value="05"/><display value="Cirugía de Cabeza, Cuello y Maxilofacial"/></concept><concept><code value="06"/><display value="Cirugía Cardiovascular"/></concept><concept><code value="07"/><display value="Cirugía  de Tórax"/></concept><concept><code value="08"/><display value="Cirugía Plástica y Reparadora"/></concept><concept><code value="09"/><display value="Cirugía Pediátrica"/></concept><concept><code value="10"/><display value="Cirugía Vascular Periférica"/></concept><concept><code value="11"/><display value="Coloproctología"/></concept><concept><code value="12"/><display value="Dermatología"/></concept><concept><code value="13"/><display value="Diabetología"/></concept><concept><code value="14"/><display value="Endocrinología Adulto"/></concept><concept><code value="15"/><display value="Endocrinología Pediatrica"/></concept><concept><code value="16"/><display value="Enfermedades Respiratorias del Adulto (Broncopulmonar)"/></concept><concept><code value="17"/><display value="Enfermedades Respiratorias Pediátricas(Broncopulmonar Pediátrico)"/></concept><concept><code value="18"/><display value="Gastroenterología Adulto"/></concept><concept><code value="19"/><display value="Gastroenterología Pediátrica"/></concept><concept><code value="20"/><display value="Genética Clínica"/></concept><concept><code value="21"/><display value="Geriatría"/></concept><concept><code value="22"/><display value="Ginecología Pediátrica y de la Adolescencia"/></concept><concept><code value="23"/><display value="Hematología"/></concept><concept><code value="24"/><display value="Imagenología"/></concept><concept><code value="25"/><display value="Infectología"/></concept><concept><code value="26"/><display value="Inmunología"/></concept><concept><code value="27"/><display value="Laboratorio Clínico"/></concept><concept><code value="28"/><display value="Medicina Familiar"/></concept><concept><code value="29"/><display value="Medicina Física y Rehabilitación (Fisiatria Adulto)"/></concept><concept><code value="30"/><display value="Medicina Interna"/></concept><concept><code value="31"/><display value="Medicina Intensiva Adulto"/></concept><concept><code value="32"/><display value="Medicina Intensiva Pediátrica"/></concept><concept><code value="33"/><display value="Medicina Legal"/></concept><concept><code value="34"/><display value="Medicina Materno Infantil"/></concept><concept><code value="35"/><display value="Medicina Nuclear"/></concept><concept><code value="36"/><display value="Medicina de Urgencia"/></concept><concept><code value="37"/><display value="Nefrología Adulto"/></concept><concept><code value="38"/><display value="Nefrología Pediátrico"/></concept><concept><code value="39"/><display value="Neonatología"/></concept><concept><code value="40"/><display value="Neurocirugía"/></concept><concept><code value="41"/><display value="Neurología Adulto"/></concept><concept><code value="42"/><display value="Neurología Pediátrica"/></concept><concept><code value="43"/><display value="Obstetricia y Ginecología"/></concept><concept><code value="44"/><display value="Oftalmología"/></concept><concept><code value="45"/><display value="Oncología Médica"/></concept><concept><code value="46"/><display value="Otorrinolaringología"/></concept><concept><code value="47"/><display value="Pediatría"/></concept><concept><code value="48"/><display value="Psiquiatría Adulto"/></concept><concept><code value="49"/><display value="Psiquiatría Pediátrica y de la Adolescencia"/></concept><concept><code value="50"/><display value="Radioterapia Oncológica"/></concept><concept><code value="51"/><display value="Reumatología"/></concept><concept><code value="52"/><display value="Salud Pública"/></concept><concept><code value="53"/><display value="Traumatología y Ortopedia"/></concept><concept><code value="54"/><display value="Urología"/></concept><concept><code value="55"/><display value="Cardiología Pediátrica"/></concept><concept><code value="56"/><display value="Cirugía Digestiva"/></concept><concept><code value="57"/><display value="Cirugía Plástica y Reparadora Pediátrica"/></concept><concept><code value="58"/><display value="Ginecología"/></concept><concept><code value="59"/><display value="Hemato-Oncología Pediátrica"/></concept><concept><code value="60"/><display value="Infectología Pediátrica"/></concept><concept><code value="61"/><display value="Medicina Familiar del Niño"/></concept><concept><code value="62"/><display value="Medicina Física y Rehabilitación Pediátrica (Fisiatría Pediátrica)"/></concept><concept><code value="63"/><display value="Nutriólogo"/></concept><concept><code value="64"/><display value="Nutriólogo Pediátrico"/></concept><concept><code value="65"/><display value="Reumatología Pediátrica"/></concept><concept><code value="66"/><display value="Obstetricia"/></concept><concept><code value="67"/><display value="Traumatología y Ortopedia Pediátrica"/></concept><concept><code value="68"/><display value="Urología Pediátrica"/></concept></CodeSystem>