<?xml version="1.0" encoding="UTF-8"?>

<CodeSystem xmlns="http://hl7.org/fhir">
  <id value="CSCodMadurez"/>
  <text>
    <status value="generated"/><div xmlns="http://www.w3.org/1999/xhtml"><p>This code system <code>https://hl7chile.cl/fhir/ig/clcore/CodeSystem/CSCodMadurez</code> defines the following codes:</p><table class="codes"><tr><td style="white-space:nowrap"><b>Code</b></td></tr><tr><td style="white-space:nowrap">1<a name="CSCodMadurez-1"> </a></td></tr><tr><td style="white-space:nowrap">2<a name="CSCodMadurez-2"> </a></td></tr><tr><td style="white-space:nowrap">3<a name="CSCodMadurez-3"> </a></td></tr><tr><td style="white-space:nowrap">4<a name="CSCodMadurez-4"> </a></td></tr><tr><td style="white-space:nowrap">N<a name="CSCodMadurez-N"> </a></td></tr></table></div>
  </text>
  <url value="https://hl7chile.cl/fhir/ig/clcore/CodeSystem/CSCodMadurez"/>
  <version value="1.8.1"/>
  <name value="CSCodMadurez"/>
  <title value="Códigos de grado de madurez del artefacto"/>
  <status value="active"/>
  <experimental value="false"/>
  <date value="2022-01-18T00:00:00-03:00"/>
  <publisher value="HL7 Chile"/>
  <contact>
    <name value="HL7 Chile"/>
    <telecom>
      <system value="url"/>
      <value value="http://hl7chile.cl"/>
    </telecom>
    <telecom>
      <system value="email"/>
      <value value="chair@hl7chile.cl"/>
    </telecom>
  </contact>
  <description value="Códigos de grado de madurez del artefacto"/>
  <jurisdiction>
    <coding>
      <system value="urn:iso:std:iso:3166"/>
      <code value="CL"/>
      <display value="Chile"/>
    </coding>
  </jurisdiction>
  <copyright value="Usado con el permiso de HL7 International, todos los derechos resevados en los Licencias de HL7 Internacional."/>
  <caseSensitive value="true"/>
  <content value="complete"/>
  <count value="5"/>
  <concept>
    <code value="1"/>
    <display value="1"/>
  </concept>
  <concept>
    <code value="2"/>
    <display value="2"/>
  </concept>
  <concept>
    <code value="3"/>
    <display value="3"/>
  </concept>
  <concept>
    <code value="4"/>
    <display value="4"/>
  </concept>
  <concept>
    <code value="N"/>
    <display value="N"/>
  </concept>
</CodeSystem>