{
  "resourceType" : "ValueSet",
  "id" : "b8d67a23-275f-49a4-bbf5-71e723b259d4-186",
  "url" : "http://hl7.org/fhir/comparison/ValueSet/b8d67a23-275f-49a4-bbf5-71e723b259d4-186",
  "name" : "IntersectionVSTiposDocumentosAndVSTiposDocumentos",
  "title" : "Intersection of Tipos de Documentos And Tipos de Documentos",
  "status" : "active",
  "date" : "2023-06-27T23:23:36-04:00",
  "jurisdiction" : [{
    "coding" : [{
      "system" : "urn:iso:std:iso:3166",
      "code" : "CL",
      "display" : "Chile"
    }]
  }],
  "expansion" : {
    "contains" : [{
      "system" : "https://hl7chile.cl/fhir/ig/clcore/CodeSystem/CSCodigoDNI",
      "code" : "NNBLZ",
      "display" : "Belice"
    },
    {
      "system" : "https://hl7chile.cl/fhir/ig/clcore/CodeSystem/CSCodigoDNI",
      "code" : "NNCRI",
      "display" : "Costa Rica"
    },
    {
      "system" : "https://hl7chile.cl/fhir/ig/clcore/CodeSystem/CSCodigoDNI",
      "code" : "NNSLV",
      "display" : "El Salvador"
    },
    {
      "system" : "https://hl7chile.cl/fhir/ig/clcore/CodeSystem/CSCodigoDNI",
      "code" : "NNGTM",
      "display" : "Guatemala"
    },
    {
      "system" : "https://hl7chile.cl/fhir/ig/clcore/CodeSystem/CSCodigoDNI",
      "code" : "NNHND",
      "display" : "Honduras"
    },
    {
      "system" : "https://hl7chile.cl/fhir/ig/clcore/CodeSystem/CSCodigoDNI",
      "code" : "NNMEX",
      "display" : "México"
    },
    {
      "system" : "https://hl7chile.cl/fhir/ig/clcore/CodeSystem/CSCodigoDNI",
      "code" : "NNNIC",
      "display" : "Nicaragua"
    },
    {
      "system" : "https://hl7chile.cl/fhir/ig/clcore/CodeSystem/CSCodigoDNI",
      "code" : "NNPAN",
      "display" : "Panamá"
    },
    {
      "system" : "https://hl7chile.cl/fhir/ig/clcore/CodeSystem/CSCodigoDNI",
      "code" : "NNARG",
      "display" : "Argentina"
    },
    {
      "system" : "https://hl7chile.cl/fhir/ig/clcore/CodeSystem/CSCodigoDNI",
      "code" : "NNBOL",
      "display" : "Bolivia"
    },
    {
      "system" : "https://hl7chile.cl/fhir/ig/clcore/CodeSystem/CSCodigoDNI",
      "code" : "NNBRA",
      "display" : "Brasil"
    },
    {
      "system" : "https://hl7chile.cl/fhir/ig/clcore/CodeSystem/CSCodigoDNI",
      "code" : "NNCOL",
      "display" : "Colombia"
    },
    {
      "system" : "https://hl7chile.cl/fhir/ig/clcore/CodeSystem/CSCodigoDNI",
      "code" : "NNECU",
      "display" : "Ecuador"
    },
    {
      "system" : "https://hl7chile.cl/fhir/ig/clcore/CodeSystem/CSCodigoDNI",
      "code" : "NNGUY",
      "display" : "Guyana"
    },
    {
      "system" : "https://hl7chile.cl/fhir/ig/clcore/CodeSystem/CSCodigoDNI",
      "code" : "NNPRY",
      "display" : "Paraguay"
    },
    {
      "system" : "https://hl7chile.cl/fhir/ig/clcore/CodeSystem/CSCodigoDNI",
      "code" : "NNPER",
      "display" : "Perú"
    },
    {
      "system" : "https://hl7chile.cl/fhir/ig/clcore/CodeSystem/CSCodigoDNI",
      "code" : "NNSUR",
      "display" : "Surinam"
    },
    {
      "system" : "https://hl7chile.cl/fhir/ig/clcore/CodeSystem/CSCodigoDNI",
      "code" : "NNURY",
      "display" : "Uruguay"
    },
    {
      "system" : "https://hl7chile.cl/fhir/ig/clcore/CodeSystem/CSCodigoDNI",
      "code" : "NNVEN",
      "display" : "Venezuela"
    },
    {
      "system" : "https://hl7chile.cl/fhir/ig/clcore/CodeSystem/CSCodigoDNI",
      "code" : "NNCHL",
      "display" : "Chile"
    },
    {
      "system" : "https://hl7chile.cl/fhir/ig/clcore/CodeSystem/CSCodigoDNI",
      "code" : "NNATG",
      "display" : "Antigua y Barbuda"
    },
    {
      "system" : "https://hl7chile.cl/fhir/ig/clcore/CodeSystem/CSCodigoDNI",
      "code" : "NNBHS",
      "display" : "Bahamas"
    },
    {
      "system" : "https://hl7chile.cl/fhir/ig/clcore/CodeSystem/CSCodigoDNI",
      "code" : "NNBRB",
      "display" : "Barbados"
    },
    {
      "system" : "https://hl7chile.cl/fhir/ig/clcore/CodeSystem/CSCodigoDNI",
      "code" : "NNCUB",
      "display" : "Cuba"
    },
    {
      "system" : "https://hl7chile.cl/fhir/ig/clcore/CodeSystem/CSCodigoDNI",
      "code" : "NNDMA",
      "display" : "Dominica"
    },
    {
      "system" : "https://hl7chile.cl/fhir/ig/clcore/CodeSystem/CSCodigoDNI",
      "code" : "NNGRD",
      "display" : "Granada"
    },
    {
      "system" : "https://hl7chile.cl/fhir/ig/clcore/CodeSystem/CSCodigoDNI",
      "code" : "NNHTI",
      "display" : "Haití"
    },
    {
      "system" : "https://hl7chile.cl/fhir/ig/clcore/CodeSystem/CSCodigoDNI",
      "code" : "NNJAM",
      "display" : "Jamaica"
    },
    {
      "system" : "https://hl7chile.cl/fhir/ig/clcore/CodeSystem/CSCodigoDNI",
      "code" : "NNDOM",
      "display" : "República Dominicana"
    },
    {
      "system" : "https://hl7chile.cl/fhir/ig/clcore/CodeSystem/CSCodigoDNI",
      "code" : "NNKNA",
      "display" : "San Cristóbal y Nieves"
    },
    {
      "system" : "https://hl7chile.cl/fhir/ig/clcore/CodeSystem/CSCodigoDNI",
      "code" : "NNLCA",
      "display" : "Santa Lucía"
    },
    {
      "system" : "https://hl7chile.cl/fhir/ig/clcore/CodeSystem/CSCodigoDNI",
      "code" : "NNVCT",
      "display" : "San Vicente y las Granadinas"
    },
    {
      "system" : "https://hl7chile.cl/fhir/ig/clcore/CodeSystem/CSCodigoDNI",
      "code" : "NNTTO",
      "display" : "Trinidad y Tobago"
    },
    {
      "system" : "http://terminology.hl7.org/CodeSystem/v2-0203",
      "code" : "AC",
      "display" : "Accreditation/Certification Identifier"
    },
    {
      "system" : "http://terminology.hl7.org/CodeSystem/v2-0203",
      "code" : "ACSN",
      "display" : "Accession ID"
    },
    {
      "system" : "http://terminology.hl7.org/CodeSystem/v2-0203",
      "code" : "AIN",
      "display" : "Animal Identification Number (US Official)"
    },
    {
      "system" : "http://terminology.hl7.org/CodeSystem/v2-0203",
      "code" : "AM",
      "display" : "American Express"
    },
    {
      "system" : "http://terminology.hl7.org/CodeSystem/v2-0203",
      "code" : "AMA",
      "display" : "American Medical Association Number"
    },
    {
      "system" : "http://terminology.hl7.org/CodeSystem/v2-0203",
      "code" : "AN",
      "display" : "Account number"
    },
    {
      "system" : "http://terminology.hl7.org/CodeSystem/v2-0203",
      "code" : "ANC",
      "display" : "Account number Creditor"
    },
    {
      "system" : "http://terminology.hl7.org/CodeSystem/v2-0203",
      "code" : "AND",
      "display" : "Account number debitor"
    },
    {
      "system" : "http://terminology.hl7.org/CodeSystem/v2-0203",
      "code" : "ANON",
      "display" : "Anonymous identifier"
    },
    {
      "system" : "http://terminology.hl7.org/CodeSystem/v2-0203",
      "code" : "ANT",
      "display" : "Temporary Account Number"
    },
    {
      "system" : "http://terminology.hl7.org/CodeSystem/v2-0203",
      "code" : "APRN",
      "display" : "Advanced Practice Registered Nurse number"
    },
    {
      "system" : "http://terminology.hl7.org/CodeSystem/v2-0203",
      "code" : "ASID",
      "display" : "Ancestor Specimen ID"
    },
    {
      "system" : "http://terminology.hl7.org/CodeSystem/v2-0203",
      "code" : "BA",
      "display" : "Bank Account Number"
    },
    {
      "system" : "http://terminology.hl7.org/CodeSystem/v2-0203",
      "code" : "BC",
      "display" : "Bank Card Number"
    },
    {
      "system" : "http://terminology.hl7.org/CodeSystem/v2-0203",
      "code" : "BCFN",
      "display" : "Birth Certificate File Number"
    },
    {
      "system" : "http://terminology.hl7.org/CodeSystem/v2-0203",
      "code" : "BCT",
      "display" : "Birth Certificate"
    },
    {
      "system" : "http://terminology.hl7.org/CodeSystem/v2-0203",
      "code" : "BR",
      "display" : "Birth registry number"
    },
    {
      "system" : "http://terminology.hl7.org/CodeSystem/v2-0203",
      "code" : "BRN",
      "display" : "Breed Registry Number"
    },
    {
      "system" : "http://terminology.hl7.org/CodeSystem/v2-0203",
      "code" : "BSNR",
      "display" : "Primary physician office number"
    },
    {
      "system" : "http://terminology.hl7.org/CodeSystem/v2-0203",
      "code" : "CAAI",
      "display" : "Consumer Application Account Identifier"
    },
    {
      "system" : "http://terminology.hl7.org/CodeSystem/v2-0203",
      "code" : "CC",
      "display" : "Cost Center number"
    },
    {
      "system" : "http://terminology.hl7.org/CodeSystem/v2-0203",
      "code" : "CONM",
      "display" : "Change of Name Document"
    },
    {
      "system" : "http://terminology.hl7.org/CodeSystem/v2-0203",
      "code" : "CY",
      "display" : "County number"
    },
    {
      "system" : "http://terminology.hl7.org/CodeSystem/v2-0203",
      "code" : "CZ",
      "display" : "Citizenship Card"
    },
    {
      "system" : "http://terminology.hl7.org/CodeSystem/v2-0203",
      "code" : "DC",
      "display" : "Death Certificate ID"
    },
    {
      "system" : "http://terminology.hl7.org/CodeSystem/v2-0203",
      "code" : "DCFN",
      "display" : "Death Certificate File Number"
    },
    {
      "system" : "http://terminology.hl7.org/CodeSystem/v2-0203",
      "code" : "DDS",
      "display" : "Dentist license number"
    },
    {
      "system" : "http://terminology.hl7.org/CodeSystem/v2-0203",
      "code" : "DEA",
      "display" : "Drug Enforcement Administration registration number"
    },
    {
      "system" : "http://terminology.hl7.org/CodeSystem/v2-0203",
      "code" : "DFN",
      "display" : "Drug Furnishing or prescriptive authority Number"
    },
    {
      "system" : "http://terminology.hl7.org/CodeSystem/v2-0203",
      "code" : "DI",
      "display" : "Diner's Club card"
    },
    {
      "system" : "http://terminology.hl7.org/CodeSystem/v2-0203",
      "code" : "DL",
      "display" : "Driver's license number"
    },
    {
      "system" : "http://terminology.hl7.org/CodeSystem/v2-0203",
      "code" : "DN",
      "display" : "Doctor number"
    },
    {
      "system" : "http://terminology.hl7.org/CodeSystem/v2-0203",
      "code" : "DO",
      "display" : "Osteopathic License number"
    },
    {
      "system" : "http://terminology.hl7.org/CodeSystem/v2-0203",
      "code" : "DP",
      "display" : "Diplomatic Passport"
    },
    {
      "system" : "http://terminology.hl7.org/CodeSystem/v2-0203",
      "code" : "DPM",
      "display" : "Podiatrist license number"
    },
    {
      "system" : "http://terminology.hl7.org/CodeSystem/v2-0203",
      "code" : "DR",
      "display" : "Donor Registration Number"
    },
    {
      "system" : "http://terminology.hl7.org/CodeSystem/v2-0203",
      "code" : "DS",
      "display" : "Discover Card"
    },
    {
      "system" : "http://terminology.hl7.org/CodeSystem/v2-0203",
      "code" : "DSG",
      "display" : "Diagnostic Study Group"
    },
    {
      "system" : "http://terminology.hl7.org/CodeSystem/v2-0203",
      "code" : "EI",
      "display" : "Employee number"
    },
    {
      "system" : "http://terminology.hl7.org/CodeSystem/v2-0203",
      "code" : "EN",
      "display" : "Employer number"
    },
    {
      "system" : "http://terminology.hl7.org/CodeSystem/v2-0203",
      "code" : "ESN",
      "display" : "Staff Enterprise Number"
    },
    {
      "system" : "http://terminology.hl7.org/CodeSystem/v2-0203",
      "code" : "FDR",
      "display" : "Fetal Death Report ID"
    },
    {
      "system" : "http://terminology.hl7.org/CodeSystem/v2-0203",
      "code" : "FDRFN",
      "display" : "Fetal Death Report File Number"
    },
    {
      "system" : "http://terminology.hl7.org/CodeSystem/v2-0203",
      "code" : "FGN",
      "display" : "Filler Group Number"
    },
    {
      "system" : "http://terminology.hl7.org/CodeSystem/v2-0203",
      "code" : "FI",
      "display" : "Facility ID"
    },
    {
      "system" : "http://terminology.hl7.org/CodeSystem/v2-0203",
      "code" : "FILL",
      "display" : "Filler Identifier"
    },
    {
      "system" : "http://terminology.hl7.org/CodeSystem/v2-0203",
      "code" : "GI",
      "display" : "Guarantor internal identifier"
    },
    {
      "system" : "http://terminology.hl7.org/CodeSystem/v2-0203",
      "code" : "GIN",
      "display" : "Animal Group Identifier (US Official)"
    },
    {
      "system" : "http://terminology.hl7.org/CodeSystem/v2-0203",
      "code" : "GL",
      "display" : "General ledger number"
    },
    {
      "system" : "http://terminology.hl7.org/CodeSystem/v2-0203",
      "code" : "GN",
      "display" : "Guarantor external  identifier"
    },
    {
      "system" : "http://terminology.hl7.org/CodeSystem/v2-0203",
      "code" : "HC",
      "display" : "Health Card Number"
    },
    {
      "system" : "http://terminology.hl7.org/CodeSystem/v2-0203",
      "code" : "IND",
      "display" : "Indigenous/Aboriginal"
    },
    {
      "system" : "http://terminology.hl7.org/CodeSystem/v2-0203",
      "code" : "JHN",
      "display" : "Jurisdictional health number"
    },
    {
      "system" : "http://terminology.hl7.org/CodeSystem/v2-0203",
      "code" : "LACSN",
      "display" : "Laboratory Accession ID"
    },
    {
      "system" : "http://terminology.hl7.org/CodeSystem/v2-0203",
      "code" : "LANR",
      "display" : "Lifelong physician number"
    },
    {
      "system" : "http://terminology.hl7.org/CodeSystem/v2-0203",
      "code" : "LI",
      "display" : "Labor and industries number"
    },
    {
      "system" : "http://terminology.hl7.org/CodeSystem/v2-0203",
      "code" : "L&I",
      "display" : "Labor and industries number"
    },
    {
      "system" : "http://terminology.hl7.org/CodeSystem/v2-0203",
      "code" : "LN",
      "display" : "License number"
    },
    {
      "system" : "http://terminology.hl7.org/CodeSystem/v2-0203",
      "code" : "LR",
      "display" : "Local Registry ID"
    },
    {
      "system" : "http://terminology.hl7.org/CodeSystem/v2-0203",
      "code" : "MA",
      "display" : "Patient Medicaid number"
    },
    {
      "system" : "http://terminology.hl7.org/CodeSystem/v2-0203",
      "code" : "MB",
      "display" : "Member Number"
    },
    {
      "system" : "http://terminology.hl7.org/CodeSystem/v2-0203",
      "code" : "MC",
      "display" : "Patient's Medicare number"
    },
    {
      "system" : "http://terminology.hl7.org/CodeSystem/v2-0203",
      "code" : "MCD",
      "display" : "Practitioner Medicaid number"
    },
    {
      "system" : "http://terminology.hl7.org/CodeSystem/v2-0203",
      "code" : "MCN",
      "display" : "Microchip Number"
    },
    {
      "system" : "http://terminology.hl7.org/CodeSystem/v2-0203",
      "code" : "MCR",
      "display" : "Practitioner Medicare number"
    },
    {
      "system" : "http://terminology.hl7.org/CodeSystem/v2-0203",
      "code" : "MCT",
      "display" : "Marriage Certificate"
    },
    {
      "system" : "http://terminology.hl7.org/CodeSystem/v2-0203",
      "code" : "MD",
      "display" : "Medical License number"
    },
    {
      "system" : "http://terminology.hl7.org/CodeSystem/v2-0203",
      "code" : "MI",
      "display" : "Military ID number"
    },
    {
      "system" : "http://terminology.hl7.org/CodeSystem/v2-0203",
      "code" : "MR",
      "display" : "Medical record number"
    },
    {
      "system" : "http://terminology.hl7.org/CodeSystem/v2-0203",
      "code" : "MRT",
      "display" : "Temporary Medical Record Number"
    },
    {
      "system" : "http://terminology.hl7.org/CodeSystem/v2-0203",
      "code" : "MS",
      "display" : "MasterCard"
    },
    {
      "system" : "http://terminology.hl7.org/CodeSystem/v2-0203",
      "code" : "NBSNR",
      "display" : "Secondary physician office number"
    },
    {
      "system" : "http://terminology.hl7.org/CodeSystem/v2-0203",
      "code" : "NCT",
      "display" : "Naturalization Certificate"
    },
    {
      "system" : "http://terminology.hl7.org/CodeSystem/v2-0203",
      "code" : "NE",
      "display" : "National employer identifier"
    },
    {
      "system" : "http://terminology.hl7.org/CodeSystem/v2-0203",
      "code" : "NH",
      "display" : "National Health Plan Identifier"
    },
    {
      "system" : "http://terminology.hl7.org/CodeSystem/v2-0203",
      "code" : "NI",
      "display" : "National unique individual identifier"
    },
    {
      "system" : "http://terminology.hl7.org/CodeSystem/v2-0203",
      "code" : "NII",
      "display" : "National Insurance Organization Identifier"
    },
    {
      "system" : "http://terminology.hl7.org/CodeSystem/v2-0203",
      "code" : "NIIP",
      "display" : "National Insurance Payor Identifier (Payor)"
    },
    {
      "system" : "http://terminology.hl7.org/CodeSystem/v2-0203",
      "code" : "NNxxx",
      "display" : "National Person Identifier where the xxx is the ISO table 3166 3-character (alphabetic) country code"
    },
    {
      "system" : "http://terminology.hl7.org/CodeSystem/v2-0203",
      "code" : "NP",
      "display" : "Nurse practitioner number"
    },
    {
      "system" : "http://terminology.hl7.org/CodeSystem/v2-0203",
      "code" : "NPI",
      "display" : "National provider identifier"
    },
    {
      "system" : "http://terminology.hl7.org/CodeSystem/v2-0203",
      "code" : "OBI",
      "display" : "Observation Instance Identifier"
    },
    {
      "system" : "http://terminology.hl7.org/CodeSystem/v2-0203",
      "code" : "OD",
      "display" : "Optometrist license number"
    },
    {
      "system" : "http://terminology.hl7.org/CodeSystem/v2-0203",
      "code" : "PA",
      "display" : "Physician Assistant number"
    },
    {
      "system" : "http://terminology.hl7.org/CodeSystem/v2-0203",
      "code" : "PC",
      "display" : "Parole Card"
    },
    {
      "system" : "http://terminology.hl7.org/CodeSystem/v2-0203",
      "code" : "PCN",
      "display" : "Penitentiary/correctional institution Number"
    },
    {
      "system" : "http://terminology.hl7.org/CodeSystem/v2-0203",
      "code" : "PE",
      "display" : "Living Subject Enterprise Number"
    },
    {
      "system" : "http://terminology.hl7.org/CodeSystem/v2-0203",
      "code" : "PEN",
      "display" : "Pension Number"
    },
    {
      "system" : "http://terminology.hl7.org/CodeSystem/v2-0203",
      "code" : "PGN",
      "display" : "Placer Group Number"
    },
    {
      "system" : "http://terminology.hl7.org/CodeSystem/v2-0203",
      "code" : "PHC",
      "display" : "Public Health Case Identifier"
    },
    {
      "system" : "http://terminology.hl7.org/CodeSystem/v2-0203",
      "code" : "PHE",
      "display" : "Public Health Event Identifier"
    },
    {
      "system" : "http://terminology.hl7.org/CodeSystem/v2-0203",
      "code" : "PHO",
      "display" : "Public Health Official ID"
    },
    {
      "system" : "http://terminology.hl7.org/CodeSystem/v2-0203",
      "code" : "PI",
      "display" : "Patient internal identifier"
    },
    {
      "system" : "http://terminology.hl7.org/CodeSystem/v2-0203",
      "code" : "PIN",
      "display" : "Premises Identifier Number (US Official)"
    },
    {
      "system" : "http://terminology.hl7.org/CodeSystem/v2-0203",
      "code" : "PLAC",
      "display" : "Placer Identifier"
    },
    {
      "system" : "http://terminology.hl7.org/CodeSystem/v2-0203",
      "code" : "PN",
      "display" : "Person number"
    },
    {
      "system" : "http://terminology.hl7.org/CodeSystem/v2-0203",
      "code" : "PNT",
      "display" : "Temporary Living Subject Number"
    },
    {
      "system" : "http://terminology.hl7.org/CodeSystem/v2-0203",
      "code" : "PPIN",
      "display" : "Medicare/CMS Performing Provider Identification Number"
    },
    {
      "system" : "http://terminology.hl7.org/CodeSystem/v2-0203",
      "code" : "PPN",
      "display" : "Passport number"
    },
    {
      "system" : "http://terminology.hl7.org/CodeSystem/v2-0203",
      "code" : "PRC",
      "display" : "Permanent Resident Card Number"
    },
    {
      "system" : "http://terminology.hl7.org/CodeSystem/v2-0203",
      "code" : "PRN",
      "display" : "Provider number"
    },
    {
      "system" : "http://terminology.hl7.org/CodeSystem/v2-0203",
      "code" : "PT",
      "display" : "Patient external identifier"
    },
    {
      "system" : "http://terminology.hl7.org/CodeSystem/v2-0203",
      "code" : "QA",
      "display" : "QA number"
    },
    {
      "system" : "http://terminology.hl7.org/CodeSystem/v2-0203",
      "code" : "RI",
      "display" : "Resource identifier"
    },
    {
      "system" : "http://terminology.hl7.org/CodeSystem/v2-0203",
      "code" : "RN",
      "display" : "Registered Nurse Number"
    },
    {
      "system" : "http://terminology.hl7.org/CodeSystem/v2-0203",
      "code" : "RPH",
      "display" : "Pharmacist license number"
    },
    {
      "system" : "http://terminology.hl7.org/CodeSystem/v2-0203",
      "code" : "RR",
      "display" : "Railroad Retirement number"
    },
    {
      "system" : "http://terminology.hl7.org/CodeSystem/v2-0203",
      "code" : "RRI",
      "display" : "Regional registry ID"
    },
    {
      "system" : "http://terminology.hl7.org/CodeSystem/v2-0203",
      "code" : "RRP",
      "display" : "Railroad Retirement Provider"
    },
    {
      "system" : "http://terminology.hl7.org/CodeSystem/v2-0203",
      "code" : "SAMN",
      "display" : "SAMN# accession Number"
    },
    {
      "system" : "http://terminology.hl7.org/CodeSystem/v2-0203",
      "code" : "SB",
      "display" : "Social Beneficiary Identifier"
    },
    {
      "system" : "http://terminology.hl7.org/CodeSystem/v2-0203",
      "code" : "SID",
      "display" : "Specimen ID"
    },
    {
      "system" : "http://terminology.hl7.org/CodeSystem/v2-0203",
      "code" : "SL",
      "display" : "State license"
    },
    {
      "system" : "http://terminology.hl7.org/CodeSystem/v2-0203",
      "code" : "SN",
      "display" : "Subscriber Number"
    },
    {
      "system" : "http://terminology.hl7.org/CodeSystem/v2-0203",
      "code" : "SNBSN",
      "display" : "State assigned NDBS card Identifier"
    },
    {
      "system" : "http://terminology.hl7.org/CodeSystem/v2-0203",
      "code" : "SNO",
      "display" : "Serial Number"
    },
    {
      "system" : "http://terminology.hl7.org/CodeSystem/v2-0203",
      "code" : "SP",
      "display" : "Study Permit"
    },
    {
      "system" : "http://terminology.hl7.org/CodeSystem/v2-0203",
      "code" : "SR",
      "display" : "State registry ID"
    },
    {
      "system" : "http://terminology.hl7.org/CodeSystem/v2-0203",
      "code" : "SRX",
      "display" : "SRA Accession number"
    },
    {
      "system" : "http://terminology.hl7.org/CodeSystem/v2-0203",
      "code" : "SS",
      "display" : "Social Security number"
    },
    {
      "system" : "http://terminology.hl7.org/CodeSystem/v2-0203",
      "code" : "STN",
      "display" : "Shipment Tracking Number"
    },
    {
      "system" : "http://terminology.hl7.org/CodeSystem/v2-0203",
      "code" : "TAX",
      "display" : "Tax ID number"
    },
    {
      "system" : "http://terminology.hl7.org/CodeSystem/v2-0203",
      "code" : "TN",
      "display" : "Treaty Number/ (Canada)"
    },
    {
      "system" : "http://terminology.hl7.org/CodeSystem/v2-0203",
      "code" : "TPR",
      "display" : "Temporary Permanent Resident (Canada)"
    },
    {
      "system" : "http://terminology.hl7.org/CodeSystem/v2-0203",
      "code" : "TRL",
      "display" : "Training License Number"
    },
    {
      "system" : "http://terminology.hl7.org/CodeSystem/v2-0203",
      "code" : "U",
      "display" : "Unspecified identifier"
    },
    {
      "system" : "http://terminology.hl7.org/CodeSystem/v2-0203",
      "code" : "UDI",
      "display" : "Universal Device Identifier"
    },
    {
      "system" : "http://terminology.hl7.org/CodeSystem/v2-0203",
      "code" : "UPIN",
      "display" : "Medicare/CMS (formerly HCFA)'s Universal Physician Identification numbers"
    },
    {
      "system" : "http://terminology.hl7.org/CodeSystem/v2-0203",
      "code" : "USID",
      "display" : "Unique Specimen ID"
    },
    {
      "system" : "http://terminology.hl7.org/CodeSystem/v2-0203",
      "code" : "VN",
      "display" : "Visit number"
    },
    {
      "system" : "http://terminology.hl7.org/CodeSystem/v2-0203",
      "code" : "VP",
      "display" : "Visitor Permit"
    },
    {
      "system" : "http://terminology.hl7.org/CodeSystem/v2-0203",
      "code" : "VS",
      "display" : "VISA"
    },
    {
      "system" : "http://terminology.hl7.org/CodeSystem/v2-0203",
      "code" : "WC",
      "display" : "WIC identifier"
    },
    {
      "system" : "http://terminology.hl7.org/CodeSystem/v2-0203",
      "code" : "WCN",
      "display" : "Workers' Comp Number"
    },
    {
      "system" : "http://terminology.hl7.org/CodeSystem/v2-0203",
      "code" : "WP",
      "display" : "Work Permit"
    },
    {
      "system" : "http://terminology.hl7.org/CodeSystem/v2-0203",
      "code" : "XV",
      "display" : "Health Plan Identifier"
    },
    {
      "system" : "http://terminology.hl7.org/CodeSystem/v2-0203",
      "code" : "XX",
      "display" : "Organization identifier"
    }]
  }
}