{
  "resourceType" : "CodeSystem",
  "id" : "CSTipoIdentificador",
  "text" : {
    "status" : "generated",
    "div" : "<div xmlns=\"http://www.w3.org/1999/xhtml\"><p>This case-sensitive code system <code>https://hl7chile.cl/fhir/ig/clcore/CodeSystem/CSTipoIdentificador</code> defines the following codes:</p><table class=\"codes\"><tr><td style=\"white-space:nowrap\"><b>Code</b></td><td><b>Display</b></td></tr><tr><td style=\"white-space:nowrap\">01<a name=\"CSTipoIdentificador-01\"> </a></td><td>Run</td></tr><tr><td style=\"white-space:nowrap\">02<a name=\"CSTipoIdentificador-02\"> </a></td><td>Run materno/progenitor(a)</td></tr><tr><td style=\"white-space:nowrap\">03<a name=\"CSTipoIdentificador-03\"> </a></td><td>Número de Folio de comprobante de parto</td></tr><tr><td style=\"white-space:nowrap\">04<a name=\"CSTipoIdentificador-04\"> </a></td><td>Número de pasaporte</td></tr><tr><td style=\"white-space:nowrap\">05<a name=\"CSTipoIdentificador-05\"> </a></td><td>Número de documento identificador de país de origen</td></tr><tr><td style=\"white-space:nowrap\">06<a name=\"CSTipoIdentificador-06\"> </a></td><td>Número de identificador FONASA</td></tr><tr><td style=\"white-space:nowrap\">07<a name=\"CSTipoIdentificador-07\"> </a></td><td>Identificador Provisorio Escolar</td></tr><tr><td style=\"white-space:nowrap\">08<a name=\"CSTipoIdentificador-08\"> </a></td><td>Identificador Provisorio Apoderado</td></tr><tr><td style=\"white-space:nowrap\">09<a name=\"CSTipoIdentificador-09\"> </a></td><td>Registro Único de Contribuyentes</td></tr></table></div>"
  },
  "url" : "https://hl7chile.cl/fhir/ig/clcore/CodeSystem/CSTipoIdentificador",
  "version" : "1.8.6",
  "name" : "CSTipoIdentificador",
  "title" : "Tipo Identificador",
  "status" : "active",
  "experimental" : false,
  "date" : "2023-07-03T00:00:00-03:00",
  "publisher" : "HL7 Chile",
  "contact" : [{
    "name" : "HL7 Chile",
    "telecom" : [{
      "system" : "url",
      "value" : "http://hl7chile.cl"
    },
    {
      "system" : "email",
      "value" : "chair@hl7chile.cl"
    }]
  }],
  "description" : "Tipo Identificador",
  "jurisdiction" : [{
    "coding" : [{
      "system" : "urn:iso:std:iso:3166",
      "code" : "CL",
      "display" : "Chile"
    }]
  }],
  "copyright" : "Usado con el permiso de HL7 International, todos los derechos resevados en los Licencias de HL7 Internacional.",
  "caseSensitive" : true,
  "content" : "complete",
  "count" : 9,
  "concept" : [{
    "code" : "01",
    "display" : "Run"
  },
  {
    "code" : "02",
    "display" : "Run materno/progenitor(a)"
  },
  {
    "code" : "03",
    "display" : "Número de Folio de comprobante de parto"
  },
  {
    "code" : "04",
    "display" : "Número de pasaporte"
  },
  {
    "code" : "05",
    "display" : "Número de documento identificador de país de origen"
  },
  {
    "code" : "06",
    "display" : "Número de identificador FONASA"
  },
  {
    "code" : "07",
    "display" : "Identificador Provisorio Escolar"
  },
  {
    "code" : "08",
    "display" : "Identificador Provisorio Apoderado"
  },
  {
    "code" : "09",
    "display" : "Registro Único de Contribuyentes"
  }]
}