<?xml version="1.0" encoding="UTF-8"?>

<CodeSystem xmlns="http://hl7.org/fhir">
  <id value="CSTipoIdentificador"/>
  <text>
    <status value="generated"/><div xmlns="http://www.w3.org/1999/xhtml">Placeholder</div>
  </text>
  <url value="https://hl7chile.cl/fhir/ig/clcore/CodeSystem/CSTipoIdentificador"/>
  <version value="1.8.2"/>
  <name value="CSTipoIdentificador"/>
  <title value="Tipo Identificador"/>
  <status value="active"/>
  <experimental value="false"/>
  <date value="2023-07-03T00:00:00-03:00"/>
  <publisher value="HL7 Chile"/>
  <contact>
    <name value="HL7 Chile"/>
    <telecom>
      <system value="url"/>
      <value value="http://hl7chile.cl"/>
    </telecom>
    <telecom>
      <system value="email"/>
      <value value="chair@hl7chile.cl"/>
    </telecom>
  </contact>
  <description value="Tipo Identificador"/>
  <jurisdiction>
    <coding>
      <system value="urn:iso:std:iso:3166"/>
      <code value="CL"/>
      <display value="Chile"/>
    </coding>
  </jurisdiction>
  <copyright value="Usado con el permiso de HL7 International, todos los derechos resevados en los Licencias de HL7 Internacional."/>
  <caseSensitive value="true"/>
  <content value="complete"/>
  <count value="9"/>
  <concept>
    <code value="01"/>
    <display value="Run"/>
  </concept>
  <concept>
    <code value="02"/>
    <display value="Run materno/progenitor(a)"/>
  </concept>
  <concept>
    <code value="03"/>
    <display value="Número de Folio de comprobante de parto"/>
  </concept>
  <concept>
    <code value="04"/>
    <display value="Número de pasaporte"/>
  </concept>
  <concept>
    <code value="05"/>
    <display value="Número de documento identificador de país de origen"/>
  </concept>
  <concept>
    <code value="06"/>
    <display value="Número de identificador FONASA"/>
  </concept>
  <concept>
    <code value="07"/>
    <display value="Identificador Provisorio Escolar"/>
  </concept>
  <concept>
    <code value="08"/>
    <display value="Identificador Provisorio Apoderado"/>
  </concept>
  <concept>
    <code value="09"/>
    <display value="Registro Único de Contribuyentes"/>
  </concept>
</CodeSystem>