{
  "package": "hl7.fhir.cl.clcore",
  "version": "1.8.0",
  "fhirVersion": "4.0.1",
  "jurisdiction": "CL",
  "extensions": [
    {
      "url": "https://hl7chile.cl/fhir/ig/clcore/StructureDefinition/CodigoPaises",
      "title": "Codigo de Identificación de países",
      "types": [
        "CodeableConcept",
        "CodeableConcept",
        "string",
        "Extension",
        "Coding",
        "string",
        "Extension",
        "uri",
        "string",
        "code",
        "string",
        "boolean",
        "string"
      ]
    },
    {
      "url": "https://hl7chile.cl/fhir/ig/clcore/StructureDefinition/ComunasCl",
      "title": "Códigos para Comunas en Chile",
      "types": [
        "CodeableConcept",
        "CodeableConcept",
        "string",
        "Extension",
        "Coding",
        "string",
        "Extension",
        "uri",
        "string",
        "code",
        "string",
        "boolean",
        "string"
      ]
    },
    {
      "url": "https://hl7chile.cl/fhir/ig/clcore/StructureDefinition/ContactoParticipantes",
      "title": "Contacto de los participantes secundarios del encuentro",
      "types": [
        "ContactPoint",
        "ContactPoint",
        "string",
        "Extension",
        "code",
        "string",
        "code",
        "positiveInt",
        "Period"
      ]
    },
    {
      "url": "https://hl7chile.cl/fhir/ig/clcore/StructureDefinition/IdContacto",
      "title": "Identificación del Contacto de un Paciente",
      "types": [
        "Identifier",
        "Identifier",
        "string",
        "Extension",
        "code",
        "CodeableConcept",
        "string",
        "Extension",
        "Coding",
        "string",
        "Extension",
        "uri",
        "string",
        "code",
        "string",
        "boolean",
        "string",
        "uri",
        "string",
        "Period",
        "Reference",
        "CodeableConcept",
        "CodeableConcept",
        "string",
        "Extension",
        "Coding",
        "string",
        "Extension",
        "uri",
        "string",
        "code",
        "string",
        "boolean",
        "string",
        "base64Binary",
        "boolean",
        "canonical",
        "code",
        "date",
        "dateTime",
        "decimal",
        "id",
        "instant",
        "integer",
        "markdown",
        "oid",
        "positiveInt",
        "string",
        "time",
        "unsignedInt",
        "uri",
        "url",
        "uuid",
        "Address",
        "Age",
        "Annotation",
        "Attachment",
        "CodeableConcept",
        "Coding",
        "ContactPoint",
        "Count",
        "Distance",
        "Duration",
        "HumanName",
        "Identifier",
        "Money",
        "Period",
        "Quantity",
        "Range",
        "Ratio",
        "Reference",
        "SampledData",
        "Signature",
        "Timing",
        "ContactDetail",
        "Contributor",
        "DataRequirement",
        "Expression",
        "ParameterDefinition",
        "RelatedArtifact",
        "TriggerDefinition",
        "UsageContext",
        "Dosage",
        "Meta"
      ]
    },
    {
      "url": "https://hl7chile.cl/fhir/ig/clcore/StructureDefinition/NombreCampana",
      "title": "Nombre de la Campaña de vacunación establecida por el RNI (Registro Nacional de Inmunizaciones)",
      "types": [
        "Coding",
        "Coding"
      ]
    },
    {
      "url": "https://hl7chile.cl/fhir/ig/clcore/StructureDefinition/NotasEncuentro",
      "title": "Notas realizadas en un encuentro por Comité",
      "types": [
        "string"
      ]
    },
    {
      "url": "https://hl7chile.cl/fhir/ig/clcore/StructureDefinition/ObservacionesDiagnostico",
      "title": "Observaciones o comentarios simples respecto a un diagnóstico",
      "types": [
        "string"
      ]
    },
    {
      "url": "https://hl7chile.cl/fhir/ig/clcore/StructureDefinition/ProvinciasCl",
      "title": "Códigos para Provincias en Chile",
      "types": [
        "CodeableConcept",
        "CodeableConcept",
        "string",
        "Extension",
        "Coding",
        "string",
        "Extension",
        "uri",
        "string",
        "code",
        "string",
        "boolean",
        "string"
      ]
    },
    {
      "url": "https://hl7chile.cl/fhir/ig/clcore/StructureDefinition/RazonNOrealizarse",
      "title": "Código de las razones por la cual no se pudo realizar la atención",
      "types": [
        "code",
        "code"
      ]
    },
    {
      "url": "https://hl7chile.cl/fhir/ig/clcore/StructureDefinition/RazonNOrealizarseInm",
      "title": "Razones por las cuales no se pudo realizar la inmunización",
      "types": [
        "code",
        "code"
      ]
    },
    {
      "url": "https://hl7chile.cl/fhir/ig/clcore/StructureDefinition/RegionesCl",
      "title": "Códigos para Regiones en Chile",
      "types": [
        "CodeableConcept",
        "CodeableConcept",
        "string",
        "Extension",
        "Coding",
        "string",
        "Extension",
        "uri",
        "string",
        "code",
        "string",
        "boolean",
        "string"
      ]
    },
    {
      "url": "https://hl7chile.cl/fhir/ig/clcore/StructureDefinition/SegundoApellido",
      "title": "Segundo Apellido",
      "types": [
        "string"
      ]
    },
    {
      "url": "https://hl7chile.cl/fhir/ig/clcore/StructureDefinition/ServicioSalud",
      "title": "Sistema Nacional de Servicios de Salud",
      "types": [
        "Coding",
        "Coding"
      ]
    },
    {
      "url": "https://hl7chile.cl/fhir/ig/clcore/StructureDefinition/TiposEncuentro",
      "title": "Código de tipos de encuentro remoto",
      "types": [
        "code",
        "code"
      ]
    },
    {
      "url": "https://hl7chile.cl/fhir/ig/clcore/StructureDefinition/TiposServicio",
      "title": "Código de los tipos de servicio que se atiende",
      "types": [
        "code",
        "code"
      ]
    },
    {
      "url": "https://hl7chile.cl/fhir/ig/clcore/StructureDefinition/TiposVacunaRNI",
      "title": "Código de tipos de Vacunas en Chile",
      "types": [
        "code",
        "code"
      ]
    },
    {
      "url": "https://hl7chile.cl/fhir/ig/clcore/StructureDefinition/VSEspecialidadesDeisCL",
      "title": "Especialidad del médico principal",
      "types": [
        "Coding",
        "Coding"
      ]
    }
  ],
  "profiles": {
    "AuditEvent": [
      {
        "url": "https://hl7chile.cl/fhir/ig/clcore/StructureDefinition/AuditEventCl",
        "title": "CL Auditoria"
      }
    ],
    "Bundle": [
      {
        "url": "https://hl7chile.cl/fhir/ig/clcore/StructureDefinition/BundleCl",
        "title": "Cl BundleCL"
      }
    ],
    "Condition": [
      {
        "url": "https://hl7chile.cl/fhir/ig/clcore/StructureDefinition/CoreDiagnosticoCl",
        "title": "CL Condición-Diagnóstico"
      }
    ],
    "PractitionerRole": [
      {
        "url": "https://hl7chile.cl/fhir/ig/clcore/StructureDefinition/CoreEspecialidadCl",
        "title": "CL RolClinico"
      }
    ],
    "Location": [
      {
        "url": "https://hl7chile.cl/fhir/ig/clcore/StructureDefinition/CoreLocalizacionCl",
        "title": "CL Localización"
      }
    ],
    "Medication": [
      {
        "url": "https://hl7chile.cl/fhir/ig/clcore/StructureDefinition/CoreMedicamentoCl",
        "title": "CL Medicamento"
      }
    ],
    "Organization": [
      {
        "url": "https://hl7chile.cl/fhir/ig/clcore/StructureDefinition/CoreOrganizacionCl",
        "title": "CL Organización"
      }
    ],
    "Patient": [
      {
        "url": "https://hl7chile.cl/fhir/ig/clcore/StructureDefinition/CorePacienteCl",
        "title": "CL Paciente"
      }
    ],
    "Practitioner": [
      {
        "url": "https://hl7chile.cl/fhir/ig/clcore/StructureDefinition/CorePrestadorCl",
        "title": "CL Prestador"
      }
    ],
    "Composition": [
      {
        "url": "https://hl7chile.cl/fhir/ig/clcore/StructureDefinition/DocumentoCl",
        "title": "CL Documento"
      }
    ],
    "Encounter": [
      {
        "url": "https://hl7chile.cl/fhir/ig/clcore/StructureDefinition/EncounterCL",
        "title": "CL Encuentro"
      }
    ],
    "Immunization": [
      {
        "url": "https://hl7chile.cl/fhir/ig/clcore/StructureDefinition/ImmunizationCL",
        "title": "CL Inmunización"
      }
    ],
    "Provenance": [
      {
        "url": "https://hl7chile.cl/fhir/ig/clcore/StructureDefinition/ProvenanceCl",
        "title": "CL Provenance"
      }
    ]
  },
  "usage": {
    "http://hl7.org/fhir/StructureDefinition/elementdefinition-bestpractice": [
      "StructureDefinition.snapshot.element.constraint"
    ],
    "http://hl7.org/fhir/StructureDefinition/elementdefinition-bestpractice-explanation": [
      "StructureDefinition.snapshot.element.constraint"
    ],
    "http://hl7.org/fhir/StructureDefinition/elementdefinition-bindingName": [
      "StructureDefinition.differential.element.binding",
      "StructureDefinition.snapshot.element.binding"
    ],
    "http://hl7.org/fhir/StructureDefinition/elementdefinition-isCommonBinding": [
      "StructureDefinition.snapshot.element.binding"
    ],
    "http://hl7.org/fhir/StructureDefinition/elementdefinition-maxValueSet": [
      "StructureDefinition.snapshot.element.binding"
    ],
    "http://hl7.org/fhir/StructureDefinition/elementdefinition-translatable": [
      "StructureDefinition.snapshot.element"
    ],
    "http://hl7.org/fhir/StructureDefinition/elementdefinition-type-must-support": [
      "StructureDefinition.differential.element.type",
      "StructureDefinition.snapshot.element.type"
    ],
    "http://hl7.org/fhir/StructureDefinition/humanname-mothers-family": [
      "Patient.contact.name.family",
      "Patient.name.family",
      "Practitioner.name.family"
    ],
    "http://hl7.org/fhir/StructureDefinition/regex": [
      "StructureDefinition.snapshot.element.type"
    ],
    "http://hl7.org/fhir/StructureDefinition/structuredefinition-explicit-type-name": [
      "StructureDefinition.snapshot.element"
    ],
    "http://hl7.org/fhir/StructureDefinition/structuredefinition-fhir-type": [
      "StructureDefinition.snapshot.element.type"
    ],
    "http://hl7.org/fhir/StructureDefinition/structuredefinition-hierarchy": [
      "StructureDefinition.snapshot.element.type"
    ],
    "http://hl7.org/fhir/StructureDefinition/structuredefinition-standards-status": [
      "StructureDefinition.snapshot.element"
    ],
    "http://hl7.org/fhir/tools/StructureDefinition/ig-internal-dependency": [
      "ImplementationGuide.definition"
    ],
    "http://hl7.org/fhir/tools/StructureDefinition/ig-page-name": [
      "ImplementationGuide.definition.page",
      "ImplementationGuide.definition.page.page"
    ],
    "http://hl7.org/fhir/tools/StructureDefinition/ig-parameter": [
      "ImplementationGuide.definition"
    ],
    "http://hl7.org/fhir/tools/StructureDefinition/implementationguide-dependency-comment": [
      "ImplementationGuide.dependsOn"
    ],
    "http://hl7.org/fhir/tools/StructureDefinition/resource-information": [
      "ImplementationGuide.definition.resource"
    ],
    "https://hl7chile.cl/fhir/ig/clcore/StructureDefinition/CodigoPaises": [
      "Address.country",
      "Patient",
      "Patient.address.country",
      "Patient.identifier.type",
      "Practitioner.address.country"
    ],
    "https://hl7chile.cl/fhir/ig/clcore/StructureDefinition/ComunasCl": [
      "Address.city",
      "Patient.address.city",
      "Practitioner.address.city"
    ],
    "https://hl7chile.cl/fhir/ig/clcore/StructureDefinition/ContactoParticipantes": [
      "Encounter.participant"
    ],
    "https://hl7chile.cl/fhir/ig/clcore/StructureDefinition/IdContacto": [
      "Patient.contact"
    ],
    "https://hl7chile.cl/fhir/ig/clcore/StructureDefinition/NombreCampana": [
      "Immunization"
    ],
    "https://hl7chile.cl/fhir/ig/clcore/StructureDefinition/NotasEncuentro": [
      "Encounter"
    ],
    "https://hl7chile.cl/fhir/ig/clcore/StructureDefinition/ObservacionesDiagnostico": [
      "Encounter.diagnosis"
    ],
    "https://hl7chile.cl/fhir/ig/clcore/StructureDefinition/ProvinciasCl": [
      "Address.district",
      "Patient.address.district",
      "Practitioner.address.district"
    ],
    "https://hl7chile.cl/fhir/ig/clcore/StructureDefinition/RazonNOrealizarse": [
      "Encounter.reasonCode"
    ],
    "https://hl7chile.cl/fhir/ig/clcore/StructureDefinition/RazonNOrealizarseInm": [
      "Immunization.statusReason"
    ],
    "https://hl7chile.cl/fhir/ig/clcore/StructureDefinition/RegionesCl": [
      "Address.state",
      "Patient.address.state",
      "Practitioner.address.state"
    ],
    "https://hl7chile.cl/fhir/ig/clcore/StructureDefinition/SegundoApellido": [
      "Patient.name.family",
      "Practitioner.name.family"
    ],
    "https://hl7chile.cl/fhir/ig/clcore/StructureDefinition/ServicioSalud": [
      "Immunization.location"
    ],
    "https://hl7chile.cl/fhir/ig/clcore/StructureDefinition/TiposEncuentro": [
      "Encounter.type"
    ],
    "https://hl7chile.cl/fhir/ig/clcore/StructureDefinition/TiposServicio": [
      "Encounter.serviceType"
    ],
    "https://hl7chile.cl/fhir/ig/clcore/StructureDefinition/TiposVacunaRNI": [
      "Immunization.vaccineCode"
    ],
    "https://hl7chile.cl/fhir/ig/clcore/StructureDefinition/VSEspecialidadesDeisCL": [
      "Encounter.participant"
    ]
  }
}