{
  "codeSystems" : [
    {
      "url" : "https://hl7chile.cl/fhir/ig/clcore/ValueSet/CodPais",
      "version" : "1.8.5",
      "status" : "active",
      "name" : "CodPaises",
      "title" : "Códigos de Países",
      "description" : "Codigos definidos para la identificación de países segun norma ISO3166-N",
      "systems" : ["https://hl7chile.cl/fhir/ig/clcore/CodeSystem/CodPais"]
    },
    {
      "url" : "https://hl7chile.cl/fhir/ig/clcore/ValueSet/VSCodMadurez",
      "version" : "1.8.5",
      "status" : "active",
      "name" : "VSCodMadurez",
      "title" : "Códigos de grado de madurez del artefacto",
      "description" : "Códigos de grado de madurez del artefacto",
      "systems" : ["https://hl7chile.cl/fhir/ig/clcore/CodeSystem/CSCodMadurez"]
    },
    {
      "url" : "https://hl7chile.cl/fhir/ig/clcore/ValueSet/VSCodigosComunaCL",
      "version" : "1.8.5",
      "status" : "active",
      "name" : "VSCodigosComunaCL",
      "title" : "Códigos de Comunas en Chile",
      "description" : "Códigos de Comunas para Chile según Códigos Únicos Territoriales Actualizados, por Decreto exento No 817 del Ministerio del Interior",
      "systems" : [
        "https://hl7chile.cl/fhir/ig/clcore/CodeSystem/CSCodComunasCL"
      ]
    },
    {
      "url" : "https://hl7chile.cl/fhir/ig/clcore/ValueSet/VSCodigosProvinciasCL",
      "version" : "1.8.5",
      "status" : "active",
      "name" : "VSCodigosProvinciasCL",
      "title" : "Códigos de Provincias en Chile",
      "description" : "Códigos de Provincias para Chile según Códigos Únicos Territoriales Actualizados, por Decreto exento No 817 del Ministerio del Interior",
      "systems" : [
        "https://hl7chile.cl/fhir/ig/clcore/CodeSystem/CSCodProvinciasCL"
      ]
    },
    {
      "url" : "https://hl7chile.cl/fhir/ig/clcore/ValueSet/VSCodigosRegionesCL",
      "version" : "1.8.5",
      "status" : "active",
      "name" : "VSCodigosRegionesCL",
      "title" : "Códigos de Regiones en Chile",
      "description" : "Códigos de Regiones para Chile según Códigos Únicos Territoriales Actualizados, por Decreto exento No 817 del Ministerio del Interior",
      "systems" : [
        "https://hl7chile.cl/fhir/ig/clcore/CodeSystem/CSCodRegionCL"
      ]
    },
    {
      "url" : "https://hl7chile.cl/fhir/ig/clcore/ValueSet/VSCodigosServiciosSalud",
      "version" : "1.8.5",
      "status" : "active",
      "name" : "VSCodigosServiciosSaludCL",
      "title" : "Servicos de Salud en Chile",
      "description" : "Códigos de Servicios de Salud que existen en Chile",
      "systems" : ["https://hl7chile.cl/fhir/ig/clcore/CodeSystem/CSCodSSalud"]
    },
    {
      "url" : "https://hl7chile.cl/fhir/ig/clcore/ValueSet/VSCodigoslenguaje",
      "version" : "1.8.5",
      "status" : "active",
      "name" : "VSCodigoslenguaje",
      "title" : "Codigos Lenguaje",
      "description" : "Códigos de leguaje",
      "systems" : [
        "https://hl7chile.cl/fhir/ig/clcore/CodeSystem/CSCodigoslenguaje"
      ]
    },
    {
      "url" : "https://hl7chile.cl/fhir/ig/clcore/ValueSet/VSContactosec",
      "version" : "1.8.5",
      "status" : "active",
      "name" : "VSContactoSecundario",
      "title" : "Contacto participantes",
      "description" : "Contacto telefónico o correo de los participantes",
      "systems" : ["http://hl7.org/fhir/contact-point-system"]
    },
    {
      "url" : "https://hl7chile.cl/fhir/ig/clcore/ValueSet/VSDiagnosticosSCT",
      "version" : "1.8.5",
      "status" : "active",
      "name" : "VSDiagnosticosSCT",
      "title" : "Diagnósticos SNOMED y Ausente o Desconocido",
      "description" : "Diagnósticos definidos en Snomed-CT.",
      "systems" : [
        "http://hl7.org/fhir/uv/ips/CodeSystem/absent-unknown-uv-ips",
        "http://snomed.info/sct"
      ]
    },
    {
      "url" : "https://hl7chile.cl/fhir/ig/clcore/ValueSet/VSEspecialidadesDeisCL",
      "version" : "1.8.5",
      "status" : "active",
      "name" : "VSEspecialidadesDeisCL",
      "title" : "Códigos de Especialidades",
      "description" : "Códigos de especialidades médicas descritas según DEIS",
      "systems" : [
        "https://hl7chile.cl/fhir/ig/clcore/CodeSystem/CSEspecialidadesDeisCL"
      ]
    },
    {
      "url" : "https://hl7chile.cl/fhir/ig/clcore/ValueSet/VSIdentidaddeGenero",
      "version" : "1.8.5",
      "status" : "active",
      "name" : "VSIdentidaddeGenero",
      "title" : "Identidad de Genero",
      "description" : "Identidad de Genero",
      "systems" : [
        "https://hl7chile.cl/fhir/ig/clcore/CodeSystem/CSIdentidaddeGenero"
      ]
    },
    {
      "url" : "https://hl7chile.cl/fhir/ig/clcore/ValueSet/VSIdentificadores",
      "version" : "1.8.5",
      "status" : "active",
      "name" : "VSIdentificadores",
      "title" : "Identificadores",
      "description" : "Identificadores",
      "systems" : [
        "https://hl7chile.cl/fhir/ig/clcore/CodeSystem/CSIdentificadores"
      ]
    },
    {
      "url" : "https://hl7chile.cl/fhir/ig/clcore/ValueSet/VSNombreCampana",
      "version" : "1.8.5",
      "status" : "active",
      "name" : "VSNombreCampanaCL",
      "title" : "Campañas de Vacunación",
      "description" : "Campañas de Inmunización utilizada en Chile según CodeSystem local",
      "systems" : [
        "https://hl7chile.cl/fhir/ig/clcore/CodeSystem/CSNombreCampana"
      ]
    },
    {
      "url" : "https://hl7chile.cl/fhir/ig/clcore/ValueSet/VSRazonNOT",
      "version" : "1.8.5",
      "status" : "active",
      "name" : "VSRazonNOencuentro",
      "title" : "Razones no Atención Remota",
      "description" : "Razones por la que no se lleva a cabo un encuentro remoto según CodeSystem local",
      "systems" : [
        "https://hl7chile.cl/fhir/ig/clcore/CodeSystem/csrazonnoencuentro"
      ]
    },
    {
      "url" : "https://hl7chile.cl/fhir/ig/clcore/ValueSet/VSRazonNOTinm",
      "version" : "1.8.5",
      "status" : "active",
      "name" : "VSRazonNOTinmCL",
      "title" : "Razones no Inmunización",
      "description" : "Razones por la que no se lleva a cabo la administración de una vacuna o registro de una inmunización según CodeSystem local",
      "systems" : [
        "https://hl7chile.cl/fhir/ig/clcore/CodeSystem/CSRazonNOTinm"
      ]
    },
    {
      "url" : "https://hl7chile.cl/fhir/ig/clcore/ValueSet/VSSexoListadoDeis",
      "version" : "1.8.5",
      "status" : "active",
      "name" : "VSSexoListadoDeis",
      "title" : "Sexo Listado Deis",
      "description" : "Sexo Listado Deis",
      "systems" : [
        "https://hl7chile.cl/fhir/ig/clcore/CodeSystem/CSSexoListadoDeis"
      ]
    },
    {
      "url" : "https://hl7chile.cl/fhir/ig/clcore/ValueSet/VSTipoIdentificador",
      "version" : "1.8.5",
      "status" : "active",
      "name" : "VSTipoIdentificador",
      "title" : "Tipo Identificador",
      "description" : "Tipo Identificador",
      "systems" : [
        "https://hl7chile.cl/fhir/ig/clcore/CodeSystem/CSTipoIdentificador"
      ]
    },
    {
      "url" : "https://hl7chile.cl/fhir/ig/clcore/ValueSet/VSTiposDocClinic",
      "version" : "1.8.5",
      "status" : "active",
      "name" : "VSTiposDocClinic",
      "title" : "Tipos de Documentos Clínicos",
      "description" : "Tipos de Documentos clínicos para Composition. Se trae todo Loinc, se requerirá un VS específico",
      "systems" : ["http://loinc.org"]
    },
    {
      "url" : "https://hl7chile.cl/fhir/ig/clcore/ValueSet/VSTiposDocumentos",
      "version" : "1.8.5",
      "status" : "active",
      "name" : "VSTiposDocumentos",
      "title" : "Tipos de Documentos",
      "description" : "Tipos de Documentos para identificación según tabla HL7 V3 y CodeSystem local.",
      "systems" : [
        "https://hl7chile.cl/fhir/ig/clcore/CodeSystem/CSCodigoDNI",
        "https://hl7chile.cl/fhir/ig/clcore/CodeSystem/CSTipoIdentificador",
        "http://terminology.hl7.org/CodeSystem/v2-0203"
      ]
    },
    {
      "url" : "https://hl7chile.cl/fhir/ig/clcore/ValueSet/VSTiposEncuentroCL",
      "version" : "1.8.5",
      "status" : "active",
      "name" : "VSTiposEncuentroCL",
      "title" : "Tipos de Encuentro",
      "description" : "Códigos de Encuentros según MINSAL",
      "systems" : [
        "https://hl7chile.cl/fhir/ig/clcore/CodeSystem/CSTiposEncuentroCL"
      ]
    },
    {
      "url" : "https://hl7chile.cl/fhir/ig/clcore/ValueSet/VSTiposServicio",
      "version" : "1.8.5",
      "status" : "active",
      "name" : "VSTiposServicioCL",
      "title" : "Tipos de Servicios Remotos",
      "description" : "Tipos de Servicios para encuentro remoto según CodeSystem local",
      "systems" : [
        "https://hl7chile.cl/fhir/ig/clcore/CodeSystem/CSCodigoServicio"
      ]
    },
    {
      "url" : "https://hl7chile.cl/fhir/ig/clcore/ValueSet/VSTiposVacunas",
      "version" : "1.8.5",
      "status" : "active",
      "name" : "VSTiposVacunasCL",
      "title" : "Tipos de Vacunas RNI",
      "description" : "Tipos de Vacunas utilizadas en Chile según CodeSystem local",
      "systems" : [
        "https://hl7chile.cl/fhir/ig/clcore/CodeSystem/CSCodigoVacunas"
      ]
    }
  ]
}
