{
  "resourceType" : "ValueSet",
  "id" : "a150c3da-7ae3-4668-92ed-84e356bf5d50-176",
  "url" : "http://hl7.org/fhir/comparison/ValueSet/a150c3da-7ae3-4668-92ed-84e356bf5d50-176",
  "name" : "UnionVSRazonNOencuentroAndVSRazonNOencuentro",
  "title" : "Union of Razones no Atención Remota And Razones no Atención Remota",
  "status" : "active",
  "date" : "2023-09-01T14:46:34-04:00",
  "jurisdiction" : [{
    "coding" : [{
      "system" : "urn:iso:std:iso:3166",
      "code" : "CL",
      "display" : "Chile"
    }]
  }]
}